Entropy,Energy,Correlation,Contrast,Homogeneity
4.104181017385495,0.7551020408163265,0.0,0.5714285714285714,0.9047619047619047
3.2655403095134434,0.7551020408163265,0.0,2.2857142857142856,0.8857142857142857
3.9520663690494073,0.6957908163265306,0.044249767886870975,0.17857142857142855,0.9107142857142856
3.726606063692049,0.6167091836734695,-0.1309307341415954,0.23214285714285715,0.8839285714285715
4.6228286642591,0.8654336734693878,-0.03208051620104572,0.07142857142857142,0.9642857142857143
4.237997562960809,0.6536989795918368,0.5211882312758629,0.125,0.9375
3.9883583064968113,0.8635204081632654,0.40946876640188645,0.05357142857142857,0.9732142857142857
3.848398620363206,1.0,0.0,0.0,1.0
4.090313914301691,0.9649234693877551,0.0,0.017857142857142856,0.9910714285714285
4.377367633875558,1.0,0.0,0.0,1.0
4.665873781480403,0.5376275510204082,0.4343434343434343,0.17857142857142858,0.9107142857142857
4.302418704467279,0.8322704081632653,0.29559748427672955,0.07142857142857142,0.9642857142857143
4.1617384298164914,0.9304846938775512,0.7006490497453706,0.017857142857142856,0.9910714285714286
4.7242384298164914,0.36033163265306123,0.34714740191125365,0.2857142857142857,0.8571428571428572
4.218542680182112,0.8973214285714286,-0.025949964805384095,0.05357142857142857,0.9732142857142857
4.227217001462483,0.8973214285714286,-0.025949964805384095,0.05357142857142857,0.9732142857142857
4.1649697750589985,0.7423469387755102,0.35228193837119165,0.10714285714285714,0.9464285714285714
4.6540786642591,0.2729591836734694,0.2923076923076924,0.3571428571428571,0.8214285714285715
4.960479296672175,0.3105867346938776,0.576497179918711,0.25,0.875
4.142033352803365,0.7417091836734693,0.34117647058823536,0.10714285714285714,0.9464285714285714
4.517283547037795,0.5682397959183672,0.6456498061509979,0.125,0.9375
4.243039500408212,0.3392857142857143,0.07254762501100115,0.39285714285714285,0.8035714285714286
4.517283547037795,0.36288265306122447,0.04364357804719845,0.39285714285714285,0.8035714285714285
3.7408681646673116,0.4183673469387755,0.1216999669251539,0.3928571428571428,0.8273809523809523
4.164313383509937,0.36033163265306123,0.29816890208043506,0.3035714285714286,0.8482142857142857
4.761184179450871,0.28061224489795916,0.10813454946758773,0.46428571428571425,0.7916666666666665
4.283367439641128,0.7136479591836735,0.5673665146135802,0.08928571428571427,0.9553571428571429
4.271822516654254,0.9304846938775512,-0.018181818181818177,0.03571428571428571,0.9821428571428571
4.492132914624721,0.9304846938775511,0.7006490497453706,0.017857142857142856,0.9910714285714286
4.0887535163312245,0.36862244897959184,0.5629262517526437,0.2142857142857143,0.8928571428571429
3.179587213907662,1.0,0.0,0.0,1.0
3.2345186028459567,0.5465561224489797,0.36739420334883877,0.6964285714285714,0.8422619047619047
3.9736274920460577,0.7551020408163265,0.0,0.5714285714285714,0.9047619047619047
3.109986417766622,0.7474489795918368,1.0494446714588562e-16,2.0357142857142856,0.8875
4.323433985216441,0.7251275510204083,0.05504818825631801,0.1607142857142857,0.9196428571428571
3.53876922206971,0.5644132653061223,0.09924855569590227,0.23214285714285715,0.8839285714285714
4.798533547037795,0.6014030612244898,0.2458435053188032,0.19642857142857142,0.9017857142857144
4.521418898701708,0.6033163265306123,0.32038834951456313,0.17857142857142855,0.9107142857142857
3.83915713428377,0.9304846938775512,-0.018181818181818177,0.03571428571428571,0.9821428571428571
3.4969675322542364,1.0,0.0,0.0,1.0
3.866118358901742,1.0,0.0,0.0,1.0
4.690774219659049,0.5331632653061225,0.23576074005412453,0.23214285714285715,0.8839285714285713
4.371671884241179,0.8654336734693878,-0.03208051620104572,0.07142857142857142,0.9642857142857143
4.513759133144316,0.6103316326530612,0.15430334996209188,0.19642857142857142,0.9017857142857143
4.546319336880353,0.6103316326530613,0.4926589517230379,0.14285714285714285,0.9285714285714286
4.643843945008263,0.28507653061224486,0.2203111112969275,0.375,0.8125
4.678979102437745,0.4311224489795918,0.5803810000880093,0.17857142857142855,0.9107142857142856
4.716578664259099,0.35650510204081637,0.6015390530643597,0.19642857142857142,0.9017857142857144
4.560328664259099,0.31313775510204084,0.3142857142857142,0.32142857142857145,0.8392857142857144
4.41627739943295,0.45727040816326536,0.4314962833793716,0.2142857142857143,0.8928571428571429
4.44752739943295,0.33609693877551017,0.33566436406348565,0.3035714285714286,0.8482142857142857
4.638508938909887,0.2863520408163265,0.20801919055722187,0.39285714285714285,0.8035714285714286
4.8323585007312415,0.2716836734693877,0.2596153846153846,0.39285714285714285,0.8035714285714285
4.234222954832899,0.5223214285714285,0.5602731243262941,0.1607142857142857,0.9196428571428571
4.646822516654254,0.35012755102040816,0.6014319829436466,0.19642857142857142,0.9017857142857142
4.175093945008262,0.38201530612244894,0.5912357143524084,0.19642857142857142,0.9017857142857143
4.007452445739505,0.38966836734693877,0.36078647510151285,0.26785714285714285,0.8660714285714286
4.189213821688583,0.45854591836734704,0.2335496832484569,0.26785714285714285,0.8660714285714286
4.446873587245975,0.496811224489796,0.4991055456171736,0.17857142857142858,0.9107142857142857
4.7893133835099375,0.37372448979591844,0.32646431254950525,0.2857142857142857,0.8571428571428572
4.651864454101657,0.5682397959183672,-0.018377261547332366,0.25,0.875
4.617132914624721,0.353954081632653,0.6146550432492771,0.21428571428571425,0.8928571428571428
3.1275642328138096,0.931122448979592,0.0,0.03571428571428571,0.9821428571428572
3.3374004381786455,0.514030612244898,0.44878366630386113,0.6428571428571429,0.8452380952380951
4.260933985216441,0.7551020408163265,0.0,0.5714285714285714,0.9047619047619047
3.1930980805632387,0.7455357142857142,0.0,1.9107142857142856,0.8883928571428571
4.611033547037796,0.6409438775510204,0.07807554675730023,0.21428571428571427,0.8928571428571428
3.819112636286218,0.6913265306122447,-0.0960768922830523,0.17857142857142855,0.9107142857142857
4.566428031846025,0.8973214285714286,-0.025949964805384095,0.05357142857142857,0.9732142857142857
3.9654244636032647,0.8322704081632653,0.2955974842767295,0.07142857142857142,0.9642857142857143
3.9217229548328985,0.8973214285714285,0.5667557862184743,0.03571428571428571,0.9821428571428571
3.8971181646673116,1.0,0.0,0.0,1.0
4.2242384298164914,0.8641581632653061,0.38155712207969167,0.05357142857142857,0.9732142857142858
3.7036935433500804,1.0,0.0,0.0,1.0
4.612593945008262,0.742984693877551,0.5241424183609592,0.08928571428571427,0.9553571428571428
4.789313383509937,0.5389030612244897,0.5085735707141052,0.1607142857142857,0.9196428571428571
4.633063383509937,0.44961734693877553,-0.03912104390108504,0.3392857142857143,0.8303571428571429
4.654078664259099,0.4764030612244898,0.2604426248785261,0.25,0.875
4.5249433125951875,0.7448979591836733,-0.07692307692307689,0.14285714285714285,0.9285714285714285
4.389162751096862,0.7723214285714286,0.20361754849472233,0.10714285714285714,0.9464285714285715
4.753524413893479,0.3667091836734694,0.4512426281971401,0.25,0.875
4.535178031846025,0.29209183673469385,0.34375,0.32142857142857145,0.8392857142857142
4.281403423718116,0.49744897959183676,0.3768673314407158,0.21428571428571427,0.8928571428571428
3.9899187044672786,0.9649234693877551,0.0,0.017857142857142856,0.9910714285714285
3.8489882355820613,0.9304846938775512,0.7006490497453706,0.017857142857142856,0.9910714285714286
4.4573585007312415,0.30548469387755106,0.32802090831739444,0.3214285714285714,0.8392857142857144
3.6503469305477325,0.6128826530612246,0.020408163265306128,0.21428571428571427,0.8928571428571429
3.4801115050826508,0.6345663265306122,0.18367346938775506,0.17857142857142858,0.9107142857142856
3.9580148922803033,0.33482142857142855,0.5239121778849429,0.23214285714285715,0.8839285714285714
3.4838622112968953,0.5676020408163265,-0.02083333333333334,0.25,0.875
3.9615393061737825,0.864795918367347,-0.03703703703703703,0.07142857142857142,0.9642857142857144
4.16627739943295,1.0,0.0,0.0,1.0
4.3314544943098365,0.8966836734693877,0.48148148148148145,0.03571428571428571,0.9821428571428571
4.332762118683787,0.4432397959183673,0.660172450499938,0.1607142857142857,0.9196428571428571
3.1298889922728255,0.9649234693877551,0.0,0.017857142857142856,0.9910714285714285
2.8565211509054853,0.5510204081632654,0.3202563076101742,0.7142857142857142,0.8333333333333333
4.210882914624721,0.7551020408163265,0.0,0.5714285714285714,0.9047619047619047
3.1308463470519783,0.7455357142857142,0.0,1.6607142857142856,0.8901785714285714
4.75352441389348,0.7251275510204082,0.3081387592457251,0.14285714285714285,0.9285714285714286
3.9978286642591,0.9304846938775512,-0.018181818181818177,0.03571428571428571,0.9821428571428571
4.317738235582062,1.0,0.0,0.0,1.0
4.316831649798571,1.0,0.0,0.0,1.0
4.075648195373883,0.9304846938775512,-0.018181818181818177,0.03571428571428571,0.9821428571428571
4.1241388679951365,0.9649234693877551,0.0,0.017857142857142856,0.9910714285714285
3.85820839910992,1.0,0.0,0.0,1.0
3.657966401050669,0.9649234693877551,0.0,0.017857142857142856,0.9910714285714285
4.509373587245975,0.475765306122449,0.25757575757575757,0.25,0.875
4.4818981953738835,0.32461734693877553,0.21057989315866543,0.3571428571428571,0.8214285714285714
4.302418704467279,0.6090561224489797,0.3876990572676328,0.1607142857142857,0.9196428571428572
4.6330633835099375,0.47512755102040816,0.33132151602823695,0.23214285714285715,0.8839285714285714
4.577569336880353,0.4789540816326531,0.1853715297151471,0.26785714285714285,0.8660714285714286
3.7179317424116785,0.9649234693877551,0.0,0.017857142857142856,0.9910714285714285
4.383969969293428,0.8029336734693877,0.2771889183238384,0.08928571428571427,0.9553571428571429
4.16627739943295,0.3348214285714286,0.18309462126120968,0.35714285714285715,0.8214285714285714
4.147979296672175,0.6409438775510203,-0.11834526708278774,0.2142857142857143,0.8928571428571428
3.8506566034920158,0.864795918367347,-0.03703703703703703,0.07142857142857142,0.9642857142857144
3.9606327203902905,0.8335459183673469,-0.04578685464956301,0.08928571428571427,0.9553571428571429
4.458668704467279,0.40625000000000006,0.2140001504689087,0.3035714285714286,0.8482142857142857
3.4104736798590825,0.7149234693877551,0.12156862745098043,0.14285714285714285,0.9285714285714286
4.01637954061639,0.5165816326530612,0.32465650237178256,0.2142857142857143,0.8928571428571428
4.461789500408212,0.4661989795918368,-0.018181818181818223,0.32142857142857145,0.8392857142857144
4.259623781480403,0.2786989795918367,0.3232895436481948,0.3392857142857143,0.8303571428571428
3.7639125568624316,0.8029336734693878,-0.05660377358490565,0.10714285714285714,0.9464285714285715
4.025053861896761,0.8016581632653063,0.24194822861802104,0.08928571428571427,0.9553571428571429
4.180036532577265,0.9304846938775512,-0.018181818181818177,0.03571428571428571,0.9821428571428571
4.46305425036562,0.5624999999999999,0.4086347063482533,0.17857142857142858,0.9107142857142857
3.370469403506199,0.8673469387755102,0.0,0.07142857142857142,0.9642857142857143
2.993551088300245,0.5510204081632654,0.3202563076101742,0.7142857142857142,0.8333333333333333
4.005238235582062,0.7551020408163265,0.0,0.5714285714285714,0.9047619047619047
3.2867058562682967,0.7506377551020408,0.0,1.4107142857142856,0.8919642857142857
4.679229296672174,0.43367346938775503,0.5189992961076819,0.2142857142857143,0.8928571428571428
4.4742384298164914,0.8322704081632653,0.5498823377682296,0.05357142857142857,0.9732142857142857
4.5561933125951875,0.6090561224489797,0.8998211091234347,0.03571428571428571,0.9821428571428571
4.679229296672175,0.46428571428571436,0.791053498370672,0.125,0.9375000000000001
5.083918898701707,0.4968112244897959,0.8589844300173001,0.07142857142857142,0.9642857142857142
4.835882914624721,0.4891581632653062,0.7929694244152633,0.08928571428571427,0.9553571428571429
4.827569336880353,0.32525510204081637,0.6857095834555995,0.21428571428571427,0.8928571428571428
5.038909765557392,0.39158163265306123,0.551385165326184,0.3214285714285714,0.9300595238095237
4.7790786642591,0.39668367346938777,0.5105777660380579,0.23214285714285715,0.8839285714285714
4.671319336880353,0.27168367346938777,0.5040261652374174,0.33928571428571425,0.8303571428571428
5.159774413893479,0.24872448979591838,0.7842539764931958,0.2142857142857143,0.8928571428571429
5.107509133144317,0.2767857142857143,0.6304954846991764,0.2857142857142857,0.8571428571428571
5.008063383509937,0.2276785714285714,0.6538572248992952,0.30357142857142855,0.8482142857142857
5.104934179450871,0.25892857142857145,0.8386167146974063,0.17857142857142855,0.9107142857142858
5.009623781480404,0.2799744897959184,0.5562955453361126,0.30357142857142855,0.8482142857142858
4.790873781480404,0.3494897959183674,0.4964837244634566,0.2857142857142857,0.8571428571428572
4.758969969293429,0.3539540816326531,0.4576933114847805,0.25,0.8750000000000001
4.0380486335525285,0.78125,0.9999999999999999,0.0,1.0
4.086789500408212,0.7723214285714286,0.7014084802803217,0.05357142857142857,0.9732142857142858
4.396168704467279,0.496811224489796,0.2958056325241709,0.23214285714285715,0.8839285714285714
4.321469969293429,0.29783163265306123,0.3359683794466404,0.32142857142857145,0.8392857142857142
4.51002739943295,0.28890306122448983,0.3931079294405248,0.3035714285714286,0.8482142857142857
4.517687164990342,0.24234693877551017,0.45685669697934755,0.39285714285714285,0.8035714285714285
4.483316369049407,0.242984693877551,0.36399841597068505,0.4107142857142857,0.7946428571428572
3.7950545869229444,0.7455357142857142,-0.07449422505904478,0.14285714285714285,0.9285714285714285
3.929743463926294,0.864795918367347,-0.03703703703703703,0.07142857142857142,0.9642857142857144
4.321512843709971,0.8029336734693878,-0.05660377358490565,0.10714285714285714,0.9464285714285715
4.295162556862432,0.5325255102040817,0.32631969522829796,0.21428571428571427,0.8928571428571428
3.620407134283769,0.8985969387755102,0.0,0.05357142857142857,0.9732142857142857
3.108081548875952,0.5510204081632654,0.6454972243679027,0.5714285714285714,0.9047619047619047
4.0932496115311405,0.7551020408163265,0.0,0.5714285714285714,0.9047619047619047
4.883063383509937,0.36160714285714285,-0.009149482593416934,1.4107142857142856,0.8303571428571428
4.875,0.38775510204081637,0.6146362971528592,0.2857142857142857,0.8571428571428572
4.11019373758451,0.5299744897959183,0.7180234596945274,0.10714285714285714,0.9464285714285714
4.077319142645924,0.4202806122448979,0.3626016260162601,0.25,0.875
3.99949961153114,0.5605867346938774,0.4736166088079883,0.1607142857142857,0.9196428571428571
3.8138530781525786,0.6090561224489796,0.5576812042954485,0.125,0.9375
3.896168704467278,0.3756377551020409,0.38165619466295686,0.26785714285714285,0.8660714285714286
3.450758744675457,0.35012755102040816,0.4104298517280454,0.26785714285714285,0.8660714285714286
3.758783972027118,0.635204081632653,0.18856180831641267,0.17857142857142855,0.9107142857142857
3.6519073285181993,0.7735969387755102,-0.06598588053218754,0.125,0.9375
3.8061178646304503,0.9304846938775511,0.7006490497453706,0.017857142857142856,0.9910714285714286
4.201915524693378,1.0,0.0,0.0,1.0
3.952612211296895,1.0,0.0,0.0,1.0
3.7564378900165245,1.0,0.0,0.0,1.0
3.913048633552528,1.0,0.0,0.0,1.0
3.79570839910992,1.0,0.0,0.0,1.0
3.9195087446754573,0.9304846938775512,-0.018181818181818177,0.03571428571428571,0.9821428571428571
3.8131992659656038,0.8322704081632653,0.5498823377682296,0.05357142857142857,0.9732142857142857
3.8725784700246697,0.78125,0.9999999999999999,0.0,1.0
4.295412751096862,0.6090561224489797,0.8998211091234347,0.03571428571428571,0.9821428571428571
4.115868164667312,0.6403061224489796,0.756521739130435,0.07142857142857142,0.9642857142857143
4.5679884298164914,0.625,1.0000000000000002,0.0,1.0
4.678072516654254,0.485969387755102,0.8187702265372169,0.10714285714285714,0.9464285714285714
4.978373781480405,0.3501275510204082,0.8178676283087909,0.1607142857142857,0.9196428571428572
4.9353286642591,0.35905612244897966,0.8134442465765906,0.1607142857142857,0.9196428571428572
5.060328664259099,0.2602040816326531,0.9011304920936423,0.14285714285714285,0.9285714285714286
5.083918898701708,0.3067602040816326,0.90234152166577,0.125,0.9375
4.509373587245975,0.5465561224489797,0.7482474917155861,0.10714285714285712,0.9464285714285714
4.526864454101657,0.7397959183673468,0.39640557239447466,0.10714285714285712,0.9464285714285714
3.831518691277956,0.8985969387755102,0.0,0.05357142857142857,0.9732142857142857
2.9672350558081613,0.5510204081632654,0.6454972243679027,0.5714285714285714,0.9047619047619047
4.052668898701708,0.7551020408163265,0.0,0.5714285714285714,0.9047619047619047
4.552015086514733,0.6141581632653063,-0.019140922748704943,1.3392857142857142,0.8660714285714286
5.066024413893479,0.36734693877551017,0.7835379155232759,0.1607142857142857,0.9196428571428572
5.015319531114784,0.3845663265306123,0.6662420353678171,0.1607142857142857,0.9196428571428572
4.892283547037796,0.3673469387755103,0.6619862791301343,0.1964285714285714,0.9017857142857142
4.583265086514733,0.7991071428571429,0.4999999999999999,0.07142857142857142,0.9642857142857143
4.264566369049407,1.0,0.0,0.0,1.0
4.574087797403417,0.9304846938775512,-0.018181818181818177,0.03571428571428571,0.9821428571428571
4.235783352803367,0.9304846938775512,-0.018181818181818177,0.03571428571428571,0.9821428571428571
4.334322516654254,1.0,0.0,0.0,1.0
4.5198585007312415,1.0,0.0,0.0,1.0
4.478373781480404,0.9649234693877551,4.715626926186572e-16,0.017857142857142856,0.9910714285714285
4.640723149067329,0.6919642857142857,0.793988445567218,0.05357142857142857,0.9732142857142857
4.353373781480403,0.5605867346938774,0.3037775665674395,0.19642857142857142,0.9017857142857142
4.429632914624721,0.6600765306122449,0.2182178902359924,0.1607142857142857,0.9196428571428572
4.583918898701709,0.38584183673469397,0.5314635398766318,0.21428571428571427,0.8928571428571428
4.729934179450871,0.3896683673469388,0.5726039151671226,0.19642857142857142,0.9017857142857143
3.9554399385868573,0.4419642857142857,0.12516590605511171,0.3035714285714286,0.8482142857142858
4.509623781480403,0.3654336734693877,0.6790046053972703,0.1607142857142857,0.9196428571428571
4.6879036179525455,0.4317602040816326,0.8173029975005108,0.08928571428571427,0.9553571428571429
4.702819531114783,0.45344387755102045,0.8926091159697646,0.05357142857142857,0.9732142857142858
4.4921329146247215,0.4904336734693878,0.7990926575755658,0.08928571428571427,0.9553571428571428
4.403424852072124,0.7442602040816326,0.7419408268023742,0.05357142857142857,0.9732142857142856
3.885933985216441,0.9649234693877551,0.0,0.017857142857142856,0.9910714285714285
3.742789306173782,1.0,0.0,0.0,1.0
3.5479226092673626,1.0,0.0,0.0,1.0
3.0574120965542813,1.0,0.0,0.0,1.0
3.276815908741257,1.0,0.0,0.0,1.0
4.302418704467279,1.0,0.0,0.0,1.0
4.460229102437745,0.6396683673469388,0.897363063071942,0.05357142857142857,0.9732142857142857
4.857509133144316,0.24872448979591835,0.8652793720481472,0.4107142857142857,0.8184523809523809
2.813601618147135,0.5510204081632654,0.6454972243679027,0.5714285714285714,0.9047619047619047
3.844874206469727,0.7551020408163265,0.0,0.5714285714285714,0.9047619047619047
3.9050281244591334,0.7551020408163265,0.0,1.2857142857142856,0.8928571428571428
4.407963821688583,0.78125,0.0,0.125,0.9375
3.936638867995137,0.4043367346938776,0.2738612787525831,0.2857142857142857,0.8571428571428572
4.215018266288633,0.6109693877551021,0.29072622711140933,0.17857142857142858,0.9107142857142858
3.7537446139418007,1.0,0.0,0.0,1.0
3.5283280815558102,1.0,0.0,0.0,1.0
3.814256696105124,1.0,0.0,0.0,1.0
4.076008938909887,1.0,0.0,0.0,1.0
4.10845859334435,0.9304846938775512,-0.018181818181818177,0.03571428571428571,0.9821428571428571
4.132813189275508,0.8029336734693878,-0.05660377358490565,0.10714285714285714,0.9464285714285715
4.114918704467279,0.7136479591836735,0.2964716256854968,0.125,0.9375
4.324087797403417,0.6371173469387755,0.04364357804719848,0.19642857142857142,0.9017857142857143
4.300858306496812,0.257015306122449,0.10032206202542024,0.4464285714285714,0.7767857142857143
4.119457674083736,0.3131377551020408,0.12375533428165006,0.39285714285714285,0.8035714285714286
3.975952251505074,0.864795918367347,-0.03703703703703703,0.07142857142857142,0.9642857142857144
4.348584617629516,0.36033163265306123,0.29816890208043506,0.3035714285714286,0.8482142857142857
4.044508744675457,0.28125,0.2725050449670461,0.35714285714285715,0.8214285714285714
4.098988235582061,0.5682397959183673,0.5299577334302672,0.1607142857142857,0.919642857142857
4.050497562960807,0.864795918367347,0.6938886664887106,0.03571428571428571,0.9821428571428572
4.012494383186908,0.6619897959183674,0.06666666666666665,0.17857142857142858,0.9107142857142857
4.171722954832899,0.3348214285714286,0.18309462126120973,0.35714285714285715,0.8214285714285714
3.359265829249441,0.4636479591836736,0.07493742690612326,0.3035714285714286,0.8482142857142858
3.4456730342566853,0.35586734693877553,0.04415107856883478,0.3928571428571429,0.8035714285714286
3.7328213313199194,0.864795918367347,-0.03703703703703703,0.07142857142857142,0.9642857142857144
3.8559941889524776,1.0,0.0,0.0,1.0
3.8203131892755073,1.0,0.0,0.0,1.0
4.052418704467279,1.0,0.0,0.0,1.0
4.153828470024671,1.0,0.0,0.0,1.0
3.943392047769037,0.9304846938775512,-0.018181818181818177,0.03571428571428571,0.9821428571428571
4.746268266288633,0.22448979591836732,0.8838834764831845,0.42857142857142855,0.7857142857142856
3.3426815481772483,0.5510204081632654,0.6454972243679027,0.5714285714285714,0.9047619047619047
4.053072516654254,0.7551020408163265,0.0,0.5714285714285714,0.9047619047619047
4.190774219659049,0.7551020408163265,0.0,1.2857142857142856,0.8928571428571428
4.187292680182111,0.686862244897959,0.4090479940519308,0.125,0.9374999999999999
4.189617439641128,0.5159438775510203,0.3990346477910671,0.19642857142857142,0.9017857142857143
3.8179884298164914,1.0,0.0,0.0,1.0
3.5423587314861344,1.0,0.0,0.0,1.0
3.618485992777299,0.9304846938775512,-0.018181818181818177,0.03571428571428571,0.9821428571428571
3.961286532577266,1.0,0.0,0.0,1.0
4.108165524693378,0.8322704081632653,0.29559748427672955,0.07142857142857142,0.9642857142857143
4.1394583991099205,0.5848214285714285,0.5179353612853678,0.14285714285714285,0.9285714285714285
4.1068981953738835,0.37372448979591844,0.3264643125495052,0.2857142857142857,0.8571428571428572
3.862704494309836,0.517219387755102,0.2389039531155339,0.23214285714285715,0.8839285714285714
4.190774219659049,0.38966836734693877,0.4087481146304675,0.25,0.875
4.326008938909887,0.4993622448979592,0.4549868996206819,0.19642857142857142,0.9017857142857143
3.5898109464707444,0.864795918367347,-0.03703703703703703,0.07142857142857142,0.9642857142857144
4.267687164990342,0.4228316326530612,0.1709352016769265,0.3035714285714286,0.8482142857142857
3.694298633552528,0.28380102040816324,-0.061604716498919576,0.5,0.75
3.7574524457395038,0.26084183673469385,-0.12443420336765096,0.5535714285714286,0.7232142857142857
4.069909571322962,0.3042091836734694,0.4423363296689374,0.2857142857142857,0.8571428571428572
3.8436532294836856,0.45854591836734704,0.23354968324845696,0.26785714285714285,0.8660714285714286
4.127367633875558,0.3086734693877551,0.4241767985127718,0.2857142857142857,0.8571428571428571
3.933835042618839,0.367984693877551,0.489142426032054,0.23214285714285715,0.8839285714285714
3.815524025424619,0.392219387755102,0.11640504929492965,0.3392857142857143,0.8303571428571428
3.9197589389098866,0.9304846938775512,-0.018181818181818177,0.03571428571428571,0.9821428571428571
3.354140722331039,1.0,0.0,0.0,1.0
3.1577127288993263,1.0,0.0,0.0,1.0
3.399531023008111,1.0,0.0,0.0,1.0
3.2229195544459244,1.0,0.0,0.0,1.0
3.3786778376115945,1.0,0.0,0.0,1.0
3.5443981953738826,1.0,0.0,0.0,1.0
4.819548827786958,0.22704081632653061,0.893123804083028,0.42857142857142855,0.7857142857142856
3.4386620309504914,0.5510204081632654,0.6454972243679027,0.5714285714285714,0.9047619047619047
4.007856063692048,0.7551020408163265,0.0,0.5714285714285714,0.9047619047619047
4.270579089248423,0.7551020408163265,0.0,1.2857142857142856,0.8928571428571428
4.514566369049407,0.3443877551020408,0.21110016546037455,0.35714285714285715,0.8214285714285714
4.000153423718116,1.0,0.0,0.0,1.0
3.7320516190919983,1.0,0.0,0.0,1.0
3.340397240794442,1.0,0.0,0.0,1.0
3.666997987950131,1.0,0.0,0.0,1.0
3.7685937507738325,0.9649234693877551,4.715626926186572e-16,0.017857142857142856,0.9910714285714285
3.558560946470745,1.0,0.0,0.0,1.0
3.188898531931207,1.0,0.0,0.0,1.0
3.7525210575936727,0.59375,0.017518714874213533,0.23214285714285715,0.8839285714285715
3.6936448213655533,0.2786989795918367,0.23052135826937492,0.375,0.8125
4.3686933125951875,0.31887755102040816,0.4961389383568338,0.25,0.875
4.455187164990341,0.315688775510204,0.46779044493179056,0.26785714285714285,0.8660714285714285
3.553368164667311,0.8029336734693878,-0.05660377358490565,0.10714285714285714,0.9464285714285715
4.283617633875558,0.2869897959183673,0.1828908802375723,0.3928571428571429,0.8035714285714286
3.82419834670499,0.36543367346938777,0.06375767130633384,0.375,0.8125
4.163452251505074,0.8335459183673469,-0.04578685464956301,0.08928571428571427,0.9553571428571429
3.69919834670499,0.3501275510204082,0.3265986323710904,0.30357142857142855,0.8482142857142858
3.698996377626474,0.27359693877551017,0.074535599249993,0.4464285714285714,0.7767857142857143
3.975909377088532,0.742984693877551,0.15631503171567182,0.125,0.9375
3.5715128437099706,1.0,0.0,0.0,1.0
3.5136623626280024,1.0,0.0,0.0,1.0
3.264566369049408,1.0,0.0,0.0,1.0
3.1162883327824016,1.0,0.0,0.0,1.0
3.175155948949435,1.0,0.0,0.0,1.0
3.1595670940755904,1.0,0.0,0.0,1.0
3.239078895013993,0.9304846938775512,-0.018181818181818174,0.03571428571428571,0.9821428571428571
3.2696511809133533,1.0,0.0,0.0,1.0
3.3070244504139423,1.0,0.0,0.0,1.0
4.382048827786959,0.24043367346938774,0.9057009683051908,0.42857142857142855,0.7857142857142856
3.0995532073541803,0.5510204081632654,0.6454972243679027,0.5714285714285714,0.9047619047619047
4.3282231490673295,0.7551020408163265,0.0,0.5714285714285714,0.9047619047619047
4.296319336880353,0.6964285714285714,-0.07856742013183861,1.3214285714285714,0.875
3.9903223224198237,0.4553571428571429,0.08068715304598784,0.32142857142857145,0.8392857142857142
3.84808164979857,1.0,0.0,0.0,1.0
3.642689744352427,1.0,0.0,0.0,1.0
3.461289111939352,0.9649234693877551,4.715626926186572e-16,0.017857142857142856,0.9910714285714285
3.5051468158051184,0.9304846938775512,-0.018181818181818177,0.03571428571428571,0.9821428571428571
3.5314462981346573,0.8322704081632653,0.29559748427672955,0.07142857142857142,0.9642857142857143
3.397839651739319,0.9304846938775512,-0.018181818181818177,0.03571428571428571,0.9821428571428571
3.323651605902677,0.8029336734693878,-0.05660377358490565,0.10714285714285714,0.9464285714285715
3.5811366251903745,0.8035714285714286,-0.05337605126836237,0.10714285714285714,0.9464285714285715
3.9369996115311405,0.27806122448979587,0.10160427807486641,0.42857142857142855,0.7857142857142857
4.028467726488666,0.4432397959183674,0.1297498240269205,0.3035714285714286,0.8482142857142857
3.649943312595187,0.2774234693877551,0.18840579710144933,0.39285714285714285,0.8035714285714286
3.451479333192638,0.6588010204081632,0.3469387755102041,0.14285714285714285,0.9285714285714286
4.052418704467279,0.30357142857142855,0.3522819383711917,0.3214285714285714,0.8392857142857142
4.056596930547733,0.9304846938775512,-0.018181818181818177,0.03571428571428571,0.9821428571428571
4.005238235582062,1.0,0.0,0.0,1.0
3.7243918535346068,0.9304846938775512,-0.018181818181818177,0.03571428571428571,0.9821428571428571
3.660834423395086,0.8348214285714285,-0.03739787960033827,0.08928571428571427,0.9553571428571428
4.105337797403417,0.8966836734693877,0.0,0.05357142857142857,0.9732142857142857
3.112157753507522,0.9304846938775512,-0.018181818181818177,0.03571428571428571,0.9821428571428571
3.4105842291606563,1.0,0.0,0.0,1.0
3.317781109998603,1.0,0.0,0.0,1.0
3.2297673117091916,1.0,0.0,0.0,1.0
3.335993463926294,1.0,0.0,0.0,1.0
2.9618323748247537,1.0,0.0,0.0,1.0
2.8309745298377282,1.0,0.0,0.0,1.0
3.2680933623049726,1.0,0.0,0.0,1.0
3.154794480387248,1.0,0.0,0.0,1.0
4.277518266288633,0.22448979591836732,0.8838834764831845,0.42857142857142855,0.7857142857142856
2.9465506681907345,0.5510204081632654,0.6454972243679027,0.5714285714285714,0.9047619047619047
4.407963821688583,0.7551020408163265,0.0,0.5714285714285714,0.9047619047619047
4.075398001139454,0.5408163265306122,-0.1629088031127686,1.0714285714285714,0.8273809523809524
4.185328664259099,0.6505102040816326,-0.08973031700969426,0.2142857142857143,0.8928571428571429
3.885933985216441,1.0,0.0,0.0,1.0
3.510323047446007,0.9304846938775512,-0.018181818181818177,0.03571428571428571,0.9821428571428571
3.4986359001641913,1.0,0.0,0.0,1.0
3.7937443831869078,1.0,0.0,0.0,1.0
3.5683006279920937,0.9304846938775512,-0.018181818181818177,0.03571428571428571,0.9821428571428571
3.9417236798590825,0.6600765306122449,0.21821789023599236,0.1607142857142857,0.9196428571428571
3.4835691426459237,0.7748724489795918,-0.06025846050518227,0.125,0.9375
3.620114065632798,0.715561224489796,0.12810252304406972,0.14285714285714285,0.9285714285714285
3.7826030781525786,0.3080357142857143,0.10508099020385232,0.4107142857142857,0.7946428571428572
3.8065540561311906,0.33609693877551017,0.33566436406348565,0.3035714285714286,0.8482142857142857
3.9311933125951875,0.8016581632653063,0.241948228618021,0.08928571428571427,0.9553571428571429
3.771168704467278,0.3080357142857143,0.36895475265389066,0.3035714285714286,0.8482142857142857
3.311388673760707,0.44196428571428575,0.5100613704506707,0.19642857142857142,0.9017857142857142
3.964364454101658,0.6862244897959182,0.25333333333333335,0.14285714285714285,0.9285714285714285
3.529885900164191,0.9304846938775512,-0.018181818181818177,0.03571428571428571,0.9821428571428571
3.8540301730294657,1.0,0.0,0.0,1.0
4.003317094075591,1.0,0.0,0.0,1.0
3.6443143392910136,1.0,0.0,0.0,1.0
3.0472362235321917,1.0,0.0,0.0,1.0
3.5452293331926383,1.0,0.0,0.0,1.0
3.1424608726695755,1.0,0.0,0.0,1.0
3.6325192220697096,1.0,0.0,0.0,1.0
3.1457165411543317,1.0,0.0,0.0,1.0
3.189367245406698,1.0,0.0,0.0,1.0
3.0249107390469923,1.0,0.0,0.0,1.0
3.231556581362511,1.0,0.0,0.0,1.0
3.482705431278974,1.0,0.0,0.0,1.0
4.641629734850821,0.22448979591836732,0.8838834764831845,0.42857142857142855,0.7857142857142856
3.3040219768542873,0.5510204081632654,0.6454972243679027,0.5714285714285714,0.9047619047619047
4.240572516654253,0.7551020408163265,0.0,0.5714285714285714,0.9047619047619047
4.526503710565654,0.5414540816326531,-0.1627681429804186,0.9821428571428571,0.8288690476190476
4.2698585007312415,0.7008928571428571,-0.059005294323649496,0.17857142857142858,0.9107142857142857
3.583014892280303,1.0,0.0,0.0,1.0
3.544508744675457,1.0,0.0,0.0,1.0
3.4694658161281486,1.0,0.0,0.0,1.0
3.6025126494755404,1.0,0.0,0.0,1.0
3.4455659628720237,0.864795918367347,-0.03703703703703703,0.07142857142857142,0.9642857142857144
3.128491840345285,1.0,0.0,0.0,1.0
3.2901206194150276,0.8973214285714286,-0.02594996480538409,0.05357142857142857,0.9732142857142857
4.003274219659049,0.4113520408163266,0.5033994924972404,0.21428571428571427,0.8928571428571428
4.216328470024671,0.33737244897959184,0.3797880669767327,0.2857142857142857,0.8571428571428572
3.7705577666968444,0.742984693877551,0.15631503171567182,0.125,0.9375
3.475548633552528,1.0,0.0,0.0,1.0
3.5471265727854444,1.0,0.0,0.0,1.0
3.1141252473474466,1.0,0.0,0.0,1.0
3.0294848615737315,1.0,0.0,0.0,1.0
3.3553756218841806,1.0,0.0,0.0,1.0
3.675247368726378,1.0,0.0,0.0,1.0
3.6289948081762304,1.0,0.0,0.0,1.0
3.610597355537055,0.9304846938775512,-0.018181818181818177,0.03571428571428571,0.9821428571428571
3.3180075593411225,1.0,0.0,0.0,1.0
4.074087797403417,1.0,0.0,0.0,1.0
3.320835286631085,1.0,0.0,0.0,1.0
3.2509168866518383,1.0,0.0,0.0,1.0
3.267689744352427,1.0,0.0,0.0,1.0
3.316112742088649,1.0,0.0,0.0,1.0
2.874047448218194,1.0,0.0,0.0,1.0
3.251060009501607,1.0,0.0,0.0,1.0
3.664717001462482,1.0,0.0,0.0,1.0
4.737593945008263,0.22448979591836732,0.8838834764831845,0.42857142857142855,0.7857142857142856
3.3696832248714297,0.5510204081632654,0.6454972243679027,0.5714285714285714,0.9047619047619047
4.008359031522995,0.7551020408163265,0.0,0.5714285714285714,0.9047619047619047
4.2880486335525285,0.5899234693877552,-0.13946456379353955,0.7678571428571428,0.8497023809523809
4.051404148744299,0.7551020408163265,1.0707952149645332e-15,0.14285714285714285,0.9285714285714285
3.6737108726695755,1.0,0.0,0.0,1.0
3.4103314555641404,1.0,0.0,0.0,1.0
3.335541300613348,1.0,0.0,0.0,1.0
3.471774025424619,0.9649234693877551,4.715626926186572e-16,0.017857142857142856,0.9910714285714285
3.4902143524803364,0.8973214285714286,-0.02594996480538409,0.05357142857142857,0.9732142857142857
3.2926304775855275,0.9304846938775512,-0.018181818181818177,0.03571428571428571,0.9821428571428571
3.564213821688582,0.5873724489795918,0.12864083083132663,0.2142857142857143,0.8928571428571428
3.90952421965905,0.5197704081632653,0.15079130771599314,0.25,0.875
3.844810009501607,0.5389030612244897,0.2731726589057846,0.2142857142857143,0.8928571428571428
3.6105973555370556,0.8322704081632653,0.5498823377682295,0.05357142857142857,0.9732142857142857
3.6841718842411786,1.0,0.0,0.0,1.0
4.089114259867228,0.9649234693877551,0.0,0.017857142857142856,0.9910714285714285
3.1390222076091794,1.0,0.0,0.0,1.0
3.5355842291606563,1.0,0.0,0.0,1.0
3.8716744636032643,1.0,0.0,0.0,1.0
3.67746157888382,1.0,0.0,0.0,1.0
3.6290376825927724,1.0,0.0,0.0,1.0
3.5748083859205977,1.0,0.0,0.0,1.0
4.057611486270711,1.0,0.0,0.0,1.0
3.44901234943868,1.0,0.0,0.0,1.0
3.3523783552820565,1.0,0.0,0.0,1.0
3.4440697618696765,1.0,0.0,0.0,1.0
3.143954494309836,1.0,0.0,0.0,1.0
3.138864011502031,1.0,0.0,0.0,1.0
3.428793105171435,1.0,0.0,0.0,1.0
3.2779886605713844,1.0,0.0,0.0,1.0
3.3688467363133023,1.0,0.0,0.0,1.0
4.790873781480404,0.22448979591836732,0.8838834764831845,0.42857142857142855,0.7857142857142856
3.408552538352612,0.5510204081632654,0.6454972243679027,0.5714285714285714,0.9047619047619047
4.301512118683787,0.7551020408163265,0.0,0.5714285714285714,0.9047619047619047
4.199087797403416,0.5899234693877552,-0.13946456379353955,0.7678571428571428,0.8497023809523809
3.9331573285181993,0.7551020408163265,1.0707952149645332e-15,0.14285714285714285,0.9285714285714285
3.7460609464707444,0.9649234693877551,4.715626926186572e-16,0.017857142857142856,0.9910714285714285
3.6073018133264285,1.0,0.0,0.0,1.0
3.587870832461397,1.0,0.0,0.0,1.0
3.65357827579024,0.8973214285714286,-0.02594996480538409,0.05357142857142857,0.9732142857142857
3.537144627131123,0.7149234693877551,0.12156862745098036,0.14285714285714285,0.9285714285714286
3.4207512735264616,0.9304846938775512,-0.018181818181818177,0.03571428571428571,0.9821428571428571
4.154482282211646,0.3239795918367347,0.5118906968889915,0.25,0.875
3.8562443831869078,0.2627551020408163,0.21483446221182984,0.39285714285714285,0.8035714285714286
3.5816053386658653,0.3080357142857143,0.36895475265389066,0.3035714285714286,0.8482142857142858
3.7626691294566013,0.7716836734693878,0.5764613536983137,0.07142857142857142,0.9642857142857142
3.6462115788838196,1.0,0.0,0.0,1.0
3.6263530781525786,0.9304846938775512,-0.018181818181818177,0.03571428571428571,0.9821428571428571
3.5167831585689355,1.0,0.0,0.0,1.0
3.523385493986807,1.0,0.0,0.0,1.0
3.57695839910992,1.0,0.0,0.0,1.0
3.735490284152394,1.0,0.0,0.0,1.0
3.6260600095016073,1.0,0.0,0.0,1.0
3.575398001139453,1.0,0.0,0.0,1.0
3.7247525970706103,1.0,0.0,0.0,1.0
3.3798020440813215,1.0,0.0,0.0,1.0
3.226377192009197,1.0,0.0,0.0,1.0
3.087007121094447,1.0,0.0,0.0,1.0
2.945608837288565,1.0,0.0,0.0,1.0
3.227873393011544,1.0,0.0,0.0,1.0
3.1829952331655536,1.0,0.0,0.0,1.0
3.659930416973682,1.0,0.0,0.0,1.0
3.0683491733524955,1.0,0.0,0.0,1.0
4.732509133144316,0.22448979591836732,0.8838834764831845,0.42857142857142855,0.7857142857142856
3.085479296672175,0.5510204081632654,0.6454972243679027,0.5714285714285714,0.9047619047619047
4.413702445739504,0.7551020408163265,0.0,0.5714285714285714,0.9047619047619047
4.53477441389348,0.5510204081632654,-0.16666666666666663,0.7142857142857142,0.8333333333333333
3.9854226092673617,0.7551020408163265,1.0707952149645332e-15,0.14285714285714285,0.9285714285714285
3.9249543000754064,0.9649234693877551,4.715626926186572e-16,0.017857142857142856,0.9910714285714285
3.7308081916861675,1.0,0.0,0.0,1.0
3.62440026165274,0.9304846938775512,-0.018181818181818177,0.03571428571428571,0.9821428571428571
3.574787063369019,0.9304846938775512,-0.018181818181818177,0.03571428571428571,0.9821428571428571
3.385137050179697,0.8322704081632653,0.29559748427672955,0.07142857142857142,0.9642857142857143
3.21806361426483,1.0,0.0,0.0,1.0
3.800247368726378,0.4088010204081633,0.22310032643658007,0.30357142857142855,0.8482142857142857
3.5673346176295158,0.33737244897959184,0.13119431691539143,0.375,0.8125
4.039609031522995,0.2710459183673469,0.5067543972028506,0.6607142857142857,0.7604166666666666
3.846370407472074,0.799107142857143,0.817208642034795,0.24999999999999997,0.9464285714285715
3.638868783891065,1.0,0.0,0.0,1.0
4.024039306173782,0.686862244897959,0.260359587582133,0.14285714285714285,0.9285714285714285
4.951259133144317,0.20854591836734693,0.7278283448652837,1.875,0.7735119047619047
2.937562003941173,1.0,0.0,0.0,1.0
4.9143133835099375,0.3411989795918368,0.8820244764577047,0.9107142857142857,0.8645833333333334
4.03049941729671,0.7697704081632654,0.6617241025372944,0.9999999999999999,0.9148809523809524
3.7195598152671776,1.0,0.0,0.0,1.0
4.933768266288633,0.26339285714285715,0.7018221940954119,2.0357142857142856,0.8032738095238094
3.194475959184308,1.0,0.0,0.0,1.0
3.447572853211577,1.0,0.0,0.0,1.0
3.6689620038731428,0.7684948979591838,0.9136505842911554,0.17857142857142855,0.9583333333333333
3.3946511809133533,0.8973214285714286,0.9428487212622886,0.1964285714285714,0.96875
3.2871420477690365,1.0,0.0,0.0,1.0
3.508533777792689,1.0,0.0,0.0,1.0
3.0840285494484556,1.0,0.0,0.0,1.0
3.4370663878613463,1.0,0.0,0.0,1.0
3.28099980576557,1.0,0.0,0.0,1.0
4.478373781480403,0.22448979591836732,0.8838834764831845,0.42857142857142855,0.7857142857142856
3.159228324707561,0.5510204081632654,0.6454972243679027,0.5714285714285714,0.9047619047619047
4.480337797403417,0.6313775510204082,-0.37179487179487186,0.8928571428571428,0.8735119047619047
4.296973149067329,0.6179846938775511,-0.12782749814122837,0.6607142857142857,0.8601190476190477
3.923939744352427,0.7551020408163265,1.0707952149645332e-15,0.14285714285714285,0.9285714285714285
4.024464246677905,0.9304846938775512,-0.018181818181818177,0.03571428571428571,0.9821428571428571
3.8187956657215825,0.864795918367347,-0.03703703703703703,0.07142857142857142,0.9642857142857144
4.245657328518201,0.864795918367347,-0.03703703703703703,0.07142857142857142,0.9642857142857144
3.93507847002467,0.742984693877551,0.6390644422470536,0.07142857142857142,0.9642857142857142
3.6288366120690823,0.742984693877551,0.6390644422470536,0.07142857142857142,0.9642857142857142
3.489078895013993,0.9304846938775512,-0.018181818181818177,0.03571428571428571,0.9821428571428571
3.8116817424116785,0.6823979591836734,0.6212011471654526,0.125,0.9375
5.296569531114783,0.13520408163265304,0.7522649208759776,2.1785714285714284,0.6931547619047619
4.360783352803366,0.18303571428571425,0.7753349285409818,1.3035714285714286,0.7544642857142857
5.119304250365621,0.1524234693877551,0.7002076255510158,2.3035714285714284,0.7029761904761905
3.7989371649903405,1.0,0.0,0.0,1.0
3.62431361426483,1.0,0.0,0.0,1.0
5.07822314906733,0.1639030612244898,0.5111017537821234,3.178571428571428,0.6610119047619049
3.7654729548328993,1.0,0.0,0.0,1.0
4.880488429816492,0.19642857142857145,0.6784577048193684,2.2321428571428568,0.7342261904761905
3.38588543985604,0.9649234693877551,0.0,0.07142857142857142,0.988095238095238
3.608316369049408,0.8641581632653063,0.7663678870249814,0.3571428571428571,0.9553571428571429
4.8323585007312415,0.19834183673469385,0.7162327391132619,1.8928571428571428,0.7217261904761906
3.3809159496827013,1.0,0.0,0.0,1.0
3.7080577666968453,1.0,0.0,0.0,1.0
4.43507847002467,0.31122448979591844,0.7345042030903786,1.857142857142857,0.8017857142857144
4.119096930547732,0.6001275510204083,0.7407437469876466,1.1428571428571428,0.8910714285714285
2.9574205046724145,1.0,0.0,0.0,1.0
3.356917324898514,0.8635204081632654,0.8886231466771506,0.1607142857142857,0.9672619047619048
3.405405418157682,1.0,0.0,0.0,1.0
3.3383664485412234,1.0,0.0,0.0,1.0
3.1632988277869583,1.0,0.0,0.0,1.0
4.540219969293429,0.22448979591836732,0.8838834764831845,0.42857142857142855,0.7857142857142856
3.2013045869229444,0.5510204081632654,0.6454972243679027,0.5714285714285714,0.9047619047619047
4.35377739943295,0.6887755102040816,-0.45635231758547534,0.7857142857142857,0.8839285714285714
4.421722954832899,0.5720663265306122,-0.15430334996209188,0.6964285714285714,0.8422619047619047
3.7567986335525285,0.7551020408163265,1.0707952149645332e-15,0.14285714285714285,0.9285714285714285
3.943098979118065,1.0,0.0,0.0,1.0
3.3853634995222164,1.0,0.0,0.0,1.0
3.5133016190919983,0.9649234693877551,4.715626926186572e-16,0.017857142857142856,0.9910714285714285
4.908214015923012,0.4126275510204081,0.9016575034666291,1.0357142857142856,0.8830357142857143
4.050901180913353,0.6543367346938777,0.7940531986363564,1.2857142857142856,0.9133928571428571
3.5578642598672277,0.9304846938775512,-0.018181818181818177,0.03571428571428571,0.9821428571428571
5.12852441389348,0.24298469387755103,0.45881995556691063,4.107142857142858,0.6761904761904762
3.889566369049407,0.41262755102040816,-0.18164975363768873,0.4107142857142857,0.7946428571428572
4.905639062229567,0.20982142857142855,0.8045692036328166,1.8928571428571428,0.7732142857142857
5.077819531114783,0.20599489795918363,0.8307517412731289,2.071428571428571,0.7476190476190476
4.3061933125951875,0.32780612244897966,0.8945044431294733,0.8214285714285713,0.818452380952381
3.163877192009197,0.6543367346938777,0.8578051552847165,0.08928571428571427,0.9553571428571428
4.595103078152579,0.4075255102040817,0.7510649124454435,0.14285714285714285,0.9285714285714286
4.530345993578595,0.33864795918367346,0.9781522307954277,0.07142857142857142,0.9642857142857142
4.808364648336088,0.37946428571428575,0.8539331546731914,0.23214285714285712,0.9508928571428572
4.660178031846025,0.31887755102040816,0.9498953461642672,0.17857142857142855,0.9345238095238095
4.609473149067329,0.3673469387755102,0.9074904072231016,0.24999999999999994,0.9419642857142858
4.939464015923013,0.3042091836734694,0.8970923904025213,0.4464285714285714,0.8958333333333334
4.514708593344349,0.41454081632653067,0.9849804280361634,0.08928571428571427,0.9553571428571429
4.837443312595188,0.30357142857142855,0.948646443815197,0.3571428571428571,0.9122023809523809
4.890723149067329,0.3590561224489796,0.7949714450951045,1.4464285714285712,0.8494047619047619
3.534163476123046,0.8309948979591837,0.863374013747331,0.23214285714285712,0.9553571428571429
4.540873781480403,0.326530612244898,0.7010463302678196,1.6428571428571428,0.7663690476190476
4.370614454101657,0.3558673469387755,0.8570475663189246,1.1607142857142856,0.8821428571428571
3.258762649475541,1.0,0.0,0.0,1.0
3.4117297581819614,1.0,0.0,0.0,1.0
3.6925093638992093,1.0,0.0,0.0,1.0
4.258783972027119,0.22448979591836732,0.8838834764831845,0.42857142857142855,0.7857142857142856
2.8843723214749604,0.5510204081632654,0.6454972243679027,0.5714285714285714,0.9047619047619047
4.4624433125951875,0.7551020408163265,0.0,0.5714285714285714,0.9047619047619047
4.303979102437745,0.6690051020408164,-0.0971285862357264,0.625,0.8779761904761905
4.307928456835348,0.5293367346938775,0.19999999999999996,0.25,0.875
4.191428031846025,1.0,0.0,0.0,1.0
3.834726134606799,1.0,0.0,0.0,1.0
3.8876691294566013,1.0,0.0,0.0,1.0
4.709322516654254,0.5714285714285715,0.9206110997667919,0.49999999999999994,0.8883928571428571
5.052668898701708,0.2072704081632653,0.7517291783248705,2.625,0.7464285714285714
4.181596930547732,0.6007653061224492,0.6601641981415471,0.8035714285714285,0.8845238095238096
5.034774413893479,0.17729591836734696,0.869871670050762,1.5357142857142856,0.7907738095238095
4.979934179450871,0.22002551020408162,0.8778778778778777,1.4285714285714284,0.8098214285714285
4.921569531114784,0.29719387755102045,0.6111082761310517,2.196428571428571,0.7973214285714286
5.089364454101659,0.19961734693877553,0.8690270817880256,0.6785714285714285,0.8660714285714286
5.550704882778696,0.17091836734693877,0.524779272390994,0.6964285714285714,0.7946428571428572
5.128524413893479,0.28316326530612246,0.8340967238598576,0.21428571428571427,0.8928571428571429
5.327819531114784,0.17474489795918366,0.7814527622435612,0.4642857142857143,0.8392857142857144
5.126964015923012,0.3169642857142857,0.8853030230440339,0.10714285714285714,0.9464285714285714
4.920009133144316,0.3176020408163265,0.8820224719101122,0.10714285714285714,0.9464285714285714
5.001964015923012,0.36862244897959184,0.961299239806496,0.03571428571428571,0.9821428571428572
5.159774413893479,0.43367346938775514,0.8708335042370124,0.07142857142857142,0.9642857142857143
4.597024219659049,0.4502551020408163,0.785560281691386,0.14285714285714285,0.9285714285714287
5.257659765557392,0.22257653061224486,0.8394920138283838,0.21428571428571427,0.8928571428571428
5.202819531114784,0.3322704081632653,0.9151030899266805,0.08928571428571427,0.955357142857143
5.253524413893479,0.25892857142857145,0.7805912989023295,0.30357142857142855,0.8482142857142857
5.357509133144316,0.12436224489795919,0.6446156297805168,1.5357142857142856,0.7431547619047618
4.722024219659049,0.29591836734693877,0.7898884564973176,1.7857142857142856,0.8321428571428572
4.782560203736037,0.30229591836734687,0.8503313250686806,1.3214285714285712,0.8494047619047618
4.73537973485082,0.2997448979591837,0.8604035225651134,1.1785714285714284,0.8547619047619048
3.2259951259216155,1.0,0.0,0.0,1.0
3.592638673760707,1.0,0.0,0.0,1.0
4.264566369049407,0.22448979591836732,0.8838834764831845,0.42857142857142855,0.7857142857142856
2.951630177548667,0.5510204081632654,0.6454972243679027,0.5714285714285714,0.9047619047619047
4.45220859334435,0.5816326530612245,-0.2820512820512821,0.8571428571428571,0.8482142857142857
4.134623781480403,0.7551020408163265,0.0,0.5714285714285714,0.9047619047619047
4.535178031846025,0.43494897959183676,-0.1452368754827781,0.39285714285714285,0.8035714285714286
4.1592740254246205,1.0,0.0,0.0,1.0
3.6567203942827518,1.0,0.0,0.0,1.0
4.019247562960809,1.0,0.0,0.0,1.0
4.540219969293428,0.4764030612244898,0.887202829003148,0.8035714285714285,0.9029761904761904
4.851813383509937,0.5197704081632655,0.6461142568906918,1.9107142857142858,0.8312499999999999
3.497444175831186,0.6505102040816327,0.5595075239398085,0.8214285714285714,0.8994047619047619
3.9523376388969855,0.3973214285714286,0.8995589108795518,0.08928571428571427,0.9553571428571428
5.25352441389348,0.19579081632653061,0.8916684927155638,0.1964285714285714,0.9017857142857142
4.929229296672175,0.42920918367346933,0.6954687263007556,0.1607142857142857,0.919642857142857
5.464614648336087,0.26530612244897955,0.8441110655647421,0.1964285714285714,0.9017857142857143
4.295665524693378,0.28188775510204084,0.7523207965071694,0.2142857142857143,0.8928571428571428
4.2953213313199194,0.4770408163265306,0.8476357854745062,0.125,0.9375
3.590020845650719,0.4100765306122449,0.7405638560462986,0.125,0.9375
3.415620760945457,0.3985969387755102,0.7466052202059063,0.125,0.9375
3.1853741180377275,0.41007653061224497,0.07325794357582566,0.3392857142857143,0.8303571428571429
3.769651180913353,0.742984693877551,0.6390644422470536,0.07142857142857142,0.9642857142857142
3.9264041487442993,0.9304846938775512,0.7006490497453708,0.017857142857142856,0.9910714285714286
4.790873781480405,0.5108418367346939,0.9311593101736136,0.05357142857142857,0.9732142857142858
5.214614648336088,0.2908163265306122,0.9305261051575674,0.10714285714285714,0.9464285714285714
5.022979296672175,0.5121173469387755,0.854633780977177,0.08928571428571427,0.9553571428571429
4.573433985216441,0.7748724489795918,0.828416869579514,0.03571428571428571,0.9821428571428572
4.595060203736038,0.5790816326530612,0.373084870269086,0.30357142857142855,0.8958333333333333
5.3011085007312415,0.18431122448979592,0.6778068846009068,1.1964285714285714,0.7788690476190476
5.167794922986874,0.19387755102040816,0.5453647902067552,2.25,0.6857142857142857
4.7554884298164914,0.36033163265306123,0.9066526768919342,0.7678571428571428,0.9068452380952381
3.527563720067261,1.0,0.0,0.0,1.0
3.3583189484114935,1.0,0.0,0.0,1.0
4.463457868318166,0.22448979591836732,0.8838834764831845,0.42857142857142855,0.7857142857142856
3.1638155744031637,0.5510204081632654,0.6454972243679027,0.5714285714285714,0.9047619047619047
4.589364454101658,0.2806122448979591,-0.013377929414196842,1.2857142857142856,0.806547619047619
4.395765086514733,0.7551020408163265,0.0,0.5714285714285714,0.9047619047619047
4.496671884241178,0.35395408163265313,0.42316398757767565,0.26785714285714285,0.8660714285714286
4.133216807228052,0.4381377551020408,0.2686124597780274,0.26785714285714285,0.8660714285714286
4.149289500408212,0.9304846938775512,-0.018181818181818177,0.03571428571428571,0.9821428571428571
4.171973149067329,1.0,0.0,0.0,1.0
4.784774413893479,0.423469387755102,0.9175132625738407,0.875,0.8770833333333333
5.370864648336088,0.1281887755102041,0.6945291998940402,3.535714285714285,0.649702380952381
4.575419323691031,0.2659438775510204,0.7355667677061863,0.2857142857142857,0.8571428571428571
4.908214015923012,0.6613520408163266,0.6550404675929549,0.08928571428571427,0.9553571428571429
5.234069531114784,0.28635204081632654,0.8560670022434218,0.1964285714285714,0.9017857142857143
3.851563189275507,0.38647959183673475,0.7971706365832464,0.125,0.9375
2.6927354092815445,0.6103316326530613,0.4926589517230381,0.14285714285714285,0.9285714285714286
2.071883520898133,0.8973214285714286,0.8089010988089465,0.017857142857142856,0.9910714285714285
3.931462636354248,0.5848214285714286,0.9544812463017996,0.05357142857142857,0.9732142857142857
3.85725611260937,0.4272959183673469,0.8823695429144124,0.125,0.9375
4.134935979656007,0.35969387755102045,0.9474846799564764,0.05357142857142857,0.9732142857142858
4.2609339852164405,0.4885204081632653,0.7238453535171606,0.14285714285714285,0.9285714285714286
4.691428031846025,0.6230867346938777,0.8371903394832194,0.05357142857142857,0.9732142857142858
4.595714015923013,0.5255102040816327,0.825,0.07142857142857142,0.9642857142857144
4.866729296672176,0.6090561224489797,0.8998211091234346,0.03571428571428571,0.9821428571428571
4.33457529025077,0.35841836734693877,0.649519052838329,0.17857142857142858,0.9107142857142857
4.6304884298164914,0.8035714285714286,0.8006407690254357,0.03571428571428571,0.9821428571428572
4.831343945008263,0.5210459183673469,0.8825799501580878,0.05357142857142857,0.9732142857142857
5.257659765557392,0.375,0.7398800054214348,0.1607142857142857,0.9196428571428572
5.413909765557392,0.22895408163265304,0.7415061647489063,0.35714285714285715,0.8214285714285714
3.9711844102057636,0.6517857142857144,0.7805095698371264,0.375,0.9032738095238095
4.721117633875558,0.32589285714285715,0.843322902479809,1.2678571428571428,0.8339285714285715
3.7178888679951365,1.0,0.0,0.0,1.0
3.369753322096795,1.0,0.0,0.0,1.0
4.350798827786958,0.22448979591836732,0.8838834764831845,0.42857142857142855,0.7857142857142856
2.765066510579837,0.5510204081632654,0.6454972243679027,0.5714285714285714,0.9047619047619047
4.323433985216441,0.6313775510204082,-0.37179487179487186,0.8928571428571428,0.8735119047619047
4.26002739943295,0.6588010204081632,-0.0913858655950681,0.4107142857142857,0.8898809523809524
4.513508938909887,0.37818877551020413,0.3907235083558872,0.26785714285714285,0.8660714285714286
4.804229296672176,0.37308673469387754,0.6740186015747766,0.1607142857142857,0.9196428571428572
4.6617384298164914,0.31505102040816324,0.4994438657318388,0.2857142857142857,0.8809523809523809
4.710229102437745,0.43813775510204084,0.8148856767247803,0.08928571428571427,0.955357142857143
4.262855126722911,0.6855867346938774,0.39279220242478624,0.125,0.9375
4.787752985539471,0.2582908163265306,0.8847908893940041,1.6964285714285712,0.8196428571428571
4.6719731490673295,0.274234693877551,0.6846886742762799,0.5178571428571428,0.8318452380952381
5.104934179450871,0.3743622448979591,0.7433492212160726,0.17857142857142855,0.9107142857142856
2.9748386467072883,0.6460459183673469,0.8379305815963921,0.05357142857142857,0.9732142857142857
3.192813631973354,0.5248724489795918,0.8651443049730414,0.19642857142857142,0.9017857142857143
4.778424852072126,0.2704081632653061,0.8629945854216957,0.24999999999999997,0.875
4.978373781480404,0.5727040816326531,0.6912192706850576,0.1607142857142857,0.9196428571428571
4.8179884298164914,0.4253826530612244,0.6148555708390646,0.17857142857142855,0.9107142857142856
4.816024413893479,0.39540816326530603,0.6653939847212775,0.23214285714285712,0.8839285714285712
4.5679884298164914,0.7410714285714286,-0.018181818181818174,0.14285714285714285,0.9285714285714285
4.3804884298164914,0.8316326530612246,0.0,0.08928571428571427,0.9553571428571428
4.4429884298164914,1.0,0.0,0.0,1.0
4.432753710565654,0.8029336734693878,0.7803921568627452,0.03571428571428571,0.9821428571428572
4.811889062229567,0.6294642857142858,0.5627605481032671,0.12499999999999999,0.9375
4.859069531114783,0.45918367346938777,0.5867342413773344,0.19642857142857142,0.9017857142857143
4.9691536179525455,0.37691326530612246,0.6873122179724073,0.1607142857142857,0.9196428571428572
4.563810203736037,0.715561224489796,0.48121773951145325,0.10714285714285715,0.9464285714285714
4.915873781480405,0.27806122448979587,0.823367641033135,0.17857142857142858,0.9107142857142857
4.248485055808161,0.496811224489796,0.40073834316653767,0.30357142857142855,0.9151785714285714
4.282963821688583,0.6817602040816326,0.8625499864299271,0.4821428571428571,0.9211309523809523
3.62908145556414,0.9304846938775512,-0.018181818181818174,0.03571428571428571,0.9821428571428571
3.7248948213655533,1.0,0.0,0.0,1.0
3.7511028839181493,1.0,0.0,0.0,1.0
4.563199265965604,0.22512755102040813,0.8886057349911154,0.42857142857142855,0.7857142857142856
2.9271710895949345,0.5510204081632654,0.6454972243679027,0.5714285714285714,0.9047619047619047
4.652518266288633,0.3176020408163266,-0.24930843574295009,1.4642857142857142,0.8035714285714286
4.2491388679951365,0.5624999999999999,-0.1442258653067573,0.4285714285714286,0.8571428571428571
4.5316536179525455,0.5529336734693878,0.12448638737026425,0.25,0.875
3.965825502193724,1.0,0.0,0.0,1.0
3.7003551267229113,1.0,0.0,0.0,1.0
3.8964643524803364,0.9649234693877551,2.88177201044735e-15,0.017857142857142856,0.9910714285714285
3.74540713428377,0.6913265306122447,-0.0960768922830523,0.17857142857142855,0.9107142857142857
4.0692986335525285,1.0,0.0,0.0,1.0
4.603123587245975,0.5197704081632655,0.8548374098795473,1.0357142857142856,0.8452380952380952
4.1531746578376945,0.45216836734693877,0.9687580264887239,0.2321428571428571,0.9077380952380951
4.151907328518199,0.3258928571428571,0.5821128942797497,0.3928571428571428,0.8511904761904762
4.991729296672176,0.22959183673469385,0.8197036021315719,0.375,0.8601190476190477
4.864515086514732,0.34630102040816324,0.6199388961058017,0.19642857142857142,0.9017857142857142
4.627367633875558,0.6179846938775512,0.7737373737373737,0.07142857142857142,0.9642857142857144
4.790219969293429,0.4043367346938775,0.8125,0.10714285714285712,0.9464285714285714
4.667837797403417,0.43941326530612246,0.2737600548427298,0.26785714285714285,0.8660714285714286
4.843139062229567,0.3934948979591837,0.7857009287044839,0.21428571428571425,0.9404761904761905
4.801108500731241,0.49107142857142855,0.7341391939740388,0.125,0.9374999999999999
4.7478286642591,0.4387755102040816,0.8660254037844387,0.07142857142857142,0.9642857142857142
4.94454882778696,0.5210459183673469,0.8825799501580877,0.05357142857142857,0.9732142857142857
4.6540786642591,0.8985969387755102,0.0,0.05357142857142857,0.9732142857142857
4.246988854805815,0.2857142857142857,0.6632761956209017,0.39285714285714285,0.8035714285714286
4.647729102437745,0.3207908163265306,0.8958268028373771,0.2321428571428571,0.9077380952380953
4.185439213560674,0.3424744897959183,0.9058629906077861,0.41071428571428564,0.8854166666666665
4.430539500408212,0.3928571428571428,0.7864266832315623,0.8035714285714285,0.8273809523809523
4.601202445739505,0.447704081632653,0.9444401573203789,0.3928571428571428,0.9181547619047618
3.541933790982011,1.0,0.0,0.0,1.0
2.9920136936886164,1.0,0.0,0.0,1.0
3.483251273526462,1.0,0.0,0.0,1.0
3.751060009501607,1.0,0.0,0.0,1.0
4.331093750773833,0.22448979591836732,0.8838834764831845,0.42857142857142855,0.7857142857142856
3.1085717220080102,0.5510204081632654,0.6454972243679027,0.5714285714285714,0.9047619047619047
4.490572516654254,0.3035714285714286,-0.21198469974461184,1.4642857142857142,0.8035714285714285
4.35377739943295,0.5510204081632654,-0.16666666666666666,0.2857142857142857,0.8571428571428571
4.056849704144248,0.6447704081632654,0.0961381741924207,0.19642857142857145,0.9017857142857143
4.058114454101657,0.6084183673469388,0.2708333333333333,0.17857142857142858,0.9107142857142857
4.331747562960808,0.4776785714285714,0.17995680194499108,0.26785714285714285,0.8660714285714286
4.266672609267362,0.5338010204081634,0.8719700826506075,0.05357142857142857,0.9732142857142858
4.108165524693378,0.5605867346938774,0.39555401009557617,0.17857142857142855,0.9107142857142856
4.084322516654254,0.8973214285714286,-0.02594996480538409,0.05357142857142857,0.9732142857142857
3.7641627510968623,0.7423469387755101,0.35228193837119165,0.10714285714285714,0.9464285714285714
4.856352353126395,0.25510204081632654,0.7221503540663663,1.3214285714285716,0.7639880952380951
4.990168898701708,0.5012755102040816,0.6422832055925586,0.17857142857142855,0.9107142857142858
4.920412751096863,0.257015306122449,0.9342021552789929,0.24999999999999997,0.8988095238095237
5.296569531114783,0.18239795918367346,0.8826548764671217,0.37499999999999994,0.8601190476190476
4.821469969293428,0.31505102040816324,0.7898123911384082,0.6785714285714285,0.8467261904761905
4.696873587245975,0.31058673469387754,0.8860793096962551,0.46428571428571425,0.8824404761904762
5.351409765557392,0.2091836734693878,0.9061452513966484,0.2142857142857143,0.8928571428571428
4.643843945008262,0.48086734693877553,0.7883503581308489,0.5714285714285714,0.8333333333333334
4.982509133144317,0.2914540816326531,0.9421921538733911,0.17857142857142855,0.9345238095238095
5.202819531114783,0.22448979591836735,0.8504042736780958,0.5357142857142857,0.8511904761904762
3.714517877819773,0.5057397959183673,0.8914967140680636,0.3214285714285714,0.9107142857142857
3.779843025747649,0.5057397959183673,0.9098989057376207,0.14285714285714285,0.9285714285714285
4.218542680182111,0.3392857142857143,0.8127228014888747,0.23214285714285712,0.8839285714285714
3.3342978732075172,0.8322704081632653,0.5498823377682295,0.05357142857142857,0.9732142857142857
3.1522706514162895,1.0,0.0,0.0,1.0
4.896822516654254,0.21428571428571427,0.8157399763146758,1.5357142857142856,0.7907738095238095
2.9169475148440394,1.0,0.0,0.0,1.0
3.3123594565123176,1.0,0.0,0.0,1.0
3.2582835835582586,1.0,0.0,0.0,1.0
3.3391571342837696,1.0,0.0,0.0,1.0
3.1812766390879386,1.0,0.0,0.0,1.0
4.3179884298164914,0.22448979591836732,0.8838834764831845,0.42857142857142855,0.7857142857142856
2.9230227029705556,0.5510204081632654,0.6454972243679027,0.5714285714285714,0.9047619047619047
4.708265086514733,0.24744897959183673,-0.26273373557678437,1.5714285714285712,0.75
4.458918898701708,0.5510204081632654,-0.16666666666666666,0.2857142857142857,0.8571428571428571
4.397729102437745,0.7008928571428571,-0.059005294323649496,0.17857142857142858,0.9107142857142857
3.793962003873143,1.0,0.0,0.0,1.0
3.829172609267362,1.0,0.0,0.0,1.0
4.153424852072125,0.9304846938775512,-0.018181818181818174,0.03571428571428571,0.9821428571428571
4.034774413893479,0.5025510204081634,0.02608695652173914,0.2857142857142857,0.8571428571428571
4.245253710565654,0.9649234693877551,2.88177201044735e-15,0.017857142857142856,0.9910714285714285
4.0105732416804365,0.9649234693877551,4.715626926186572e-16,0.017857142857142856,0.9910714285714285
4.390723149067329,0.29017857142857145,0.39390095804519093,0.4821428571428571,0.8497023809523809
5.040873781480405,0.2735969387755102,0.7503455290037332,0.6785714285714286,0.8035714285714286
4.952819531114784,0.4394132653061225,0.7245139519677799,0.14285714285714285,0.9285714285714286
4.189617439641127,0.8973214285714286,0.8089010988089465,0.017857142857142856,0.9910714285714285
4.099348979118065,0.8654336734693878,0.8578164469184383,0.017857142857142856,0.9910714285714286
4.915219969293429,0.3775510204081633,0.8318350898155307,0.14285714285714285,0.9285714285714286
5.115168898701707,0.4649234693877551,0.8639828881959448,0.10714285714285712,0.9464285714285714
4.882659765557392,0.25063775510204084,0.8319692179459357,0.21428571428571427,0.8928571428571428
4.861033547037797,0.4241071428571429,0.9351690413095357,0.05357142857142857,0.9732142857142857
3.9734852677511148,0.8973214285714285,0.8089010988089466,0.017857142857142856,0.9910714285714285
3.7546486203632057,0.41709183673469397,0.7907493404373895,0.10714285714285715,0.9464285714285714
2.933848965185939,0.7723214285714286,0.7014084802803215,0.05357142857142857,0.9732142857142857
2.3882137059330755,1.0,0.0,0.0,1.0
2.7533196734376775,1.0,0.0,0.0,1.0
3.6994485409394198,0.7997448979591837,0.8010929495896159,0.3928571428571428,0.9419642857142857
4.296973149067329,0.7085459183673471,0.7639061718648257,0.6785714285714285,0.9092261904761905
3.825398001139454,0.931122448979592,0.0,0.03571428571428571,0.9821428571428572
3.199106926928047,1.0,0.0,0.0,1.0
3.6098793463819607,1.0,0.0,0.0,1.0
3.6912207120281364,1.0,0.0,0.0,1.0
3.399039306173782,1.0,0.0,0.0,1.0
4.151678456835347,0.22448979591836732,0.8838834764831845,0.42857142857142855,0.7857142857142856
2.868574091659083,0.5510204081632654,0.6454972243679027,0.5714285714285714,0.9047619047619047
4.395262118683787,0.42283163265306123,-0.36850434377225494,1.2857142857142856,0.806547619047619
4.565774219659049,0.40369897959183676,0.2715447154471545,0.2857142857142857,0.8571428571428571
4.200355126722911,0.7551020408163265,1.0707952149645332e-15,0.14285714285714285,0.9285714285714285
3.77188929298446,1.0,0.0,0.0,1.0
3.809063914301691,0.9649234693877551,4.715626926186572e-16,0.017857142857142856,0.9910714285714285
3.8489882355820613,1.0,0.0,0.0,1.0
3.9774697750589993,0.5031887755102041,0.028409956526201565,0.2857142857142857,0.8571428571428572
4.5520579609312755,0.7136479591836734,0.2964716256854968,0.125,0.9375
4.343542680182112,0.4381377551020408,0.39577716760276094,0.23214285714285715,0.8839285714285714
3.7566126362862184,0.4457908163265306,0.13912822550384485,0.30357142857142855,0.8482142857142858
4.327569336880353,0.34821428571428575,0.6535205413392966,0.42857142857142855,0.8333333333333333
5.269454882778696,0.21045918367346936,0.8869093268313197,0.3035714285714286,0.8482142857142857
4.191428031846025,0.9649234693877551,0.0,0.017857142857142856,0.9910714285714285
4.383063383509937,0.931122448979592,0.0,0.03571428571428571,0.9821428571428572
4.632048827786958,0.8322704081632653,0.5794738635559411,0.05357142857142857,0.9732142857142857
4.978373781480404,0.4387755102040816,0.8660254037844387,0.07142857142857142,0.9642857142857142
4.72579882778696,0.8316326530612246,0.5738826686399141,0.05357142857142857,0.9732142857142856
4.226813383509937,0.4853316326530612,0.8852704127574261,0.05357142857142857,0.9732142857142858
3.0789224150329324,0.5414540816326531,0.5798175225397842,0.14285714285714285,0.9285714285714286
2.361143197784543,1.0,0.0,0.0,1.0
1.6931571557349523,1.0,0.0,0.0,1.0
2.515050986702853,1.0,0.0,0.0,1.0
4.307611486270711,0.4604591836734694,0.9398746205928219,0.375,0.8839285714285714
4.151361486270711,0.3558673469387755,0.8400245405237322,0.6428571428571428,0.8407738095238094
3.981102158891965,0.7174744897959184,0.14987266233254515,0.14285714285714285,0.9285714285714286
3.661915755448271,1.0,0.0,0.0,1.0
4.377367633875558,0.8322704081632653,0.29559748427672955,0.07142857142857142,0.9642857142857143
3.782777824422272,1.0,0.0,0.0,1.0
3.85845859334435,1.0,0.0,0.0,1.0
3.737454300075406,1.0,0.0,0.0,1.0
4.42095859334435,0.22448979591836732,0.8838834764831845,0.42857142857142855,0.7857142857142856
2.731396908350197,0.5510204081632654,0.6454972243679027,0.5714285714285714,0.9047619047619047
4.507409571322961,0.3858418367346939,-0.22493954764702456,1.2678571428571428,0.8154761904761905
4.058114454101657,0.3877551020408163,0.29999999999999993,0.2857142857142857,0.8571428571428571
4.152921884241178,0.7551020408163265,1.0707952149645332e-15,0.14285714285714285,0.9285714285714285
3.7976295406163905,1.0,0.0,0.0,1.0
3.8067074798493064,0.9649234693877551,4.715626926186572e-16,0.017857142857142856,0.9910714285714285
3.4981408624347026,0.7735969387755102,-0.06598588053218755,0.125,0.9375
3.7600299787950355,0.4974489795918368,0.2110267265416588,0.25,0.875
4.295665524693378,0.4400510204081633,0.3440511766019876,0.25,0.875
3.8014041487442993,1.0,0.0,0.0,1.0
3.6143077666968444,0.864795918367347,-0.03703703703703703,0.07142857142857142,0.9642857142857144
3.8040219768542864,1.0,0.0,0.0,1.0
3.6726295406163905,0.931122448979592,0.0,0.03571428571428571,0.9821428571428572
4.440774219659049,0.6817602040816326,0.6768138612898202,0.08928571428571427,0.9553571428571428
4.910178031846025,0.48469387755102034,0.8582278928149326,0.07142857142857142,0.9642857142857143
5.220714015923012,0.32015306122448983,0.9460695207851424,0.10714285714285712,0.9464285714285714
5.240168898701709,0.34630102040816324,0.9590464079476021,0.14285714285714285,0.9285714285714285
4.402114648336088,0.24553571428571425,0.9569845659586302,0.1607142857142857,0.9196428571428572
3.284228324707561,0.5082908163265306,0.9919438550230794,0.03571428571428571,0.9821428571428571
3.6312499650045242,0.4853316326530613,0.9808877670957492,0.08928571428571427,0.9553571428571429
4.104323241680437,0.3647959183673469,0.9721496338446571,0.1607142857142857,0.9196428571428571
4.640723149067329,0.2799744897959184,0.9671145954485584,0.17857142857142858,0.9107142857142857
4.633063383509937,0.18367346938775508,0.8665404592640891,0.4464285714285714,0.8005952380952381
3.7523676338755574,0.33609693877551017,0.29080080483815696,0.3214285714285714,0.8392857142857143
4.083668704467279,0.31887755102040816,0.516811394121702,0.25,0.875
3.845103078152579,0.9649234693877551,0.0,0.017857142857142856,0.9910714285714285
3.486186970755911,1.0,0.0,0.0,1.0
4.608819336880354,0.6345663265306122,0.528680532637681,0.125,0.9375
3.994349704144249,0.8335459183673468,0.614636297152859,0.05357142857142857,0.9732142857142857
3.568795665721582,1.0,0.0,0.0,1.0
3.564256696105124,1.0,0.0,0.0,1.0
4.459868358901741,0.22448979591836732,0.8838834764831845,0.42857142857142855,0.7857142857142856
2.8820046875994025,0.5510204081632654,0.6454972243679027,0.5714285714285714,0.9047619047619047
4.639162751096862,0.34630102040816324,-0.36228286566224116,1.482142857142857,0.7946428571428571
4.2567986335525285,0.37308673469387765,0.3242835595776773,0.2857142857142857,0.8571428571428572
3.9621931183607573,0.7551020408163265,1.0707952149645332e-15,0.14285714285714285,0.9285714285714285
3.45846138464939,1.0,0.0,0.0,1.0
3.398263693688616,0.864795918367347,-0.03703703703703703,0.07142857142857142,0.9642857142857144
3.7093892929844596,0.8322704081632653,0.29559748427672955,0.07142857142857142,0.9642857142857143
3.842277930224703,0.4610969387755103,0.24441445020945718,0.26785714285714285,0.8660714285714286
4.116729296672175,0.8016581632653063,0.241948228618021,0.08928571428571427,0.9553571428571429
3.704708099073059,1.0,0.0,0.0,1.0
3.4425522383157516,1.0,0.0,0.0,1.0
3.6435937507738325,1.0,0.0,0.0,1.0
3.4811021588919653,1.0,0.0,0.0,1.0
3.683768266288633,1.0,0.0,0.0,1.0
3.3322617302149267,1.0,0.0,0.0,1.0
3.3717173380198067,1.0,0.0,0.0,1.0
3.360304286886084,1.0,0.0,0.0,1.0
3.6116899385868577,0.715561224489796,0.12810252304406972,0.14285714285714285,0.9285714285714286
3.606145033308507,0.5624999999999999,0.40863470634825333,0.17857142857142858,0.9107142857142857
3.8554483467049896,0.34885204081632654,0.5097970656333186,0.23214285714285715,0.8839285714285714
3.2860097480151182,0.6135204081632654,0.02357022603955156,0.2142857142857143,0.8928571428571428
4.829783547037795,0.40433673469387754,0.41913893364889043,0.26785714285714285,0.8660714285714285
4.001713821688583,0.42665816326530615,0.8191918388370362,0.08928571428571427,0.9553571428571429
3.825758744675457,0.4617346938775511,0.5477225575051662,0.17857142857142855,0.9107142857142858
3.507562995041077,0.9304846938775512,-0.018181818181818174,0.03571428571428571,0.9821428571428571
3.296471862043643,1.0,0.0,0.0,1.0
3.4973924727583596,0.9304846938775512,-0.018181818181818174,0.03571428571428571,0.9821428571428571
4.364264892280303,0.864795918367347,-0.03703703703703703,0.07142857142857142,0.9642857142857144
4.634623781480404,0.6588010204081632,0.3469387755102041,0.14285714285714285,0.9285714285714286
3.449133251182044,1.0,0.0,0.0,1.0
3.7113970818788395,0.9649234693877551,0.0,0.017857142857142856,0.9910714285714285
4.649650243944215,0.22448979591836732,0.8838834764831845,0.42857142857142855,0.7857142857142856
2.842299252776281,0.5357142857142858,0.4818728109915852,1.2142857142857142,0.8422619047619048
4.6448585007312415,0.3443877551020408,-0.4636790700622144,1.5357142857142856,0.7678571428571429
4.189213821688583,0.37308673469387765,0.3242835595776773,0.2857142857142857,0.8571428571428572
3.7150850426188393,0.7551020408163265,1.0707952149645332e-15,0.14285714285714285,0.9285714285714285
3.271822516654254,1.0,0.0,0.0,1.0
3.2663960907789353,1.0,0.0,0.0,1.0
3.279232087977215,1.0,0.0,0.0,1.0
4.020807960931275,0.4432397959183673,0.660172450499938,0.1607142857142857,0.9196428571428571
4.0578642598672285,0.5599489795918366,0.048543689320388335,0.25,0.875
4.0498437507738325,0.9649234693877551,0.0,0.017857142857142856,0.9910714285714285
3.427168510232848,1.0,0.0,0.0,1.0
3.4728553574778043,1.0,0.0,0.0,1.0
3.3519265121735975,1.0,0.0,0.0,1.0
3.516126767019874,1.0,0.0,0.0,1.0
3.5040814555641404,1.0,0.0,0.0,1.0
3.514162751096862,1.0,0.0,0.0,1.0
3.2426033089074715,1.0,0.0,0.0,1.0
3.6216718842411786,0.8966836734693877,0.48148148148148145,0.03571428571428571,0.9821428571428571
3.5703157686375935,0.7448979591836733,-0.07692307692307689,0.14285714285714285,0.9285714285714285
3.528467726488666,0.6862244897959182,0.5185449728701348,0.10714285714285714,0.9464285714285714
3.6385518133264285,0.6090561224489796,0.5576812042954485,0.125,0.9375
4.536445361165519,0.2538265306122449,0.409090909090909,0.4642857142857143,0.7916666666666666
3.4498083859205977,1.0,0.0,0.0,1.0
3.0879574798493064,1.0,0.0,0.0,1.0
3.143747174491948,1.0,0.0,0.0,1.0
3.657864471810182,0.931122448979592,0.0,0.03571428571428571,0.9821428571428572
4.678979102437745,0.47640306122448983,0.4639669759802291,0.19642857142857142,0.9017857142857142
4.069298633552528,0.9649234693877551,0.0,0.017857142857142856,0.9910714285714285
3.6085691426459237,1.0,0.0,0.0,1.0
3.76445839910992,0.9304846938775512,-0.018181818181818177,0.03571428571428571,0.9821428571428571
3.7584670014624826,1.0,0.0,0.0,1.0
4.905639062229566,0.22448979591836732,0.8838834764831845,0.42857142857142855,0.7857142857142856
3.3894555728094033,0.5318877551020408,0.5427860019189029,0.8928571428571428,0.8735119047619048
4.628928031846025,0.2582908163265306,-0.18391132910131117,1.4107142857142856,0.744047619047619
4.455187164990342,0.32716836734693877,0.3904761904761905,0.2857142857142857,0.8571428571428572
3.815271251828103,0.7551020408163265,1.0707952149645332e-15,0.14285714285714285,0.9285714285714285
3.5944492659656038,0.9304846938775512,-0.018181818181818177,0.03571428571428571,0.9821428571428571
3.240214352480336,1.0,0.0,0.0,1.0
3.4342386605713844,0.8973214285714286,-0.02594996480538409,0.05357142857142857,0.9732142857142857
3.494588647382062,0.26977040816326536,0.22441109980271606,0.39285714285714285,0.8035714285714286
4.098627492046058,0.742984693877551,0.15631503171567182,0.125,0.9375
4.273382914624721,0.9649234693877551,0.0,0.017857142857142856,0.9910714285714285
3.663048633552528,1.0,0.0,0.0,1.0
3.406968395490235,1.0,0.0,0.0,1.0
3.367242565371468,1.0,0.0,0.0,1.0
3.120431036197434,1.0,0.0,0.0,1.0
3.2821240122352973,1.0,0.0,0.0,1.0
3.7961120170624656,1.0,0.0,0.0,1.0
3.3655725166542534,1.0,0.0,0.0,1.0
3.716732087977215,1.0,0.0,0.0,1.0
3.6851890193262435,1.0,0.0,0.0,1.0
3.746967532254237,0.8335459183673469,-0.04578685464956301,0.08928571428571427,0.9553571428571429
3.449744188952478,1.0,0.0,0.0,1.0
3.9637535163312245,0.8029336734693878,-0.05660377358490565,0.10714285714285714,0.9464285714285715
3.514501273526462,1.0,0.0,0.0,1.0
3.655388867995137,0.9649234693877551,0.0,0.017857142857142856,0.9910714285714285
4.137602353126395,0.7723214285714286,0.7014084802803215,0.05357142857142857,0.9732142857142857
4.2749433125951875,0.7417091836734694,0.4989400529829092,0.08928571428571427,0.9553571428571428
4.765319531114783,0.5886479591836735,0.6606060606060605,0.10714285714285714,0.9464285714285714
4.222427837611595,0.8654336734693878,0.4861724348043978,0.05357142857142857,0.9732142857142858
3.6478396517393192,0.8641581632653061,0.010434230338907525,0.07142857142857142,0.9642857142857143
3.6770579609312746,0.7448979591836733,-0.07692307692307687,0.14285714285714285,0.9285714285714285
3.6966233930115444,0.7149234693877552,0.31448545101657555,0.125,0.9375
4.434717726488667,0.22448979591836732,0.8838834764831845,0.42857142857142855,0.7857142857142856
3.019646130977576,0.542091836734694,0.603766270386221,0.6785714285714286,0.894345238095238
4.718139062229567,0.242984693877551,-0.1229562068070968,1.5535714285714284,0.7589285714285714
4.458014892280303,0.31186224489795916,0.4562587456813871,0.26785714285714285,0.8660714285714286
3.7875027913050405,0.78125,0.0,0.125,0.9375
3.40832366666976,0.9649234693877551,4.715626926186572e-16,0.017857142857142856,0.9910714285714285
3.80307509601634,0.8985969387755102,0.0,0.05357142857142857,0.9732142857142857
3.682460641914682,0.2825255102040817,0.35887611749680715,0.3214285714285714,0.8392857142857143
3.811452870728827,0.3118622448979592,0.22397757796063722,0.35714285714285715,0.8214285714285715
3.7512108538576365,0.8654336734693878,-0.03208051620104572,0.07142857142857142,0.9642857142857143
3.430440150529811,1.0,0.0,0.0,1.0
4.572123781480405,0.9304846938775512,-0.018181818181818174,0.03571428571428571,0.9821428571428571
3.859879346381961,1.0,0.0,0.0,1.0
4.132813189275508,1.0,0.0,0.0,1.0
3.834322516654254,0.8973214285714286,-0.02594996480538409,0.05357142857142857,0.9732142857142857
3.612518497043526,1.0,0.0,0.0,1.0
3.5614966437001945,1.0,0.0,0.0,1.0
3.9645178778197736,0.9304846938775512,-0.018181818181818174,0.03571428571428571,0.9821428571428571
3.714003710565654,1.0,0.0,0.0,1.0
3.8397680720542033,0.9304846938775512,-0.018181818181818174,0.03571428571428571,0.9821428571428571
3.750874012235297,0.9304846938775512,-0.018181818181818174,0.03571428571428571,0.9821428571428571
4.304632914624721,0.6626275510204082,0.6696620080077293,0.08928571428571427,0.9553571428571429
4.614918704467279,0.4866071428571429,0.8832116788321167,0.07142857142857142,0.9642857142857144
4.1394583991099205,0.6326530612244897,0.41666666666666663,0.14285714285714285,0.9285714285714285
4.952819531114783,0.367984693877551,0.7506774762727041,0.17857142857142855,0.9107142857142856
4.810328664259099,0.5082908163265306,0.6821254796196464,0.125,0.9375000000000001
4.268843945008262,1.0,0.0,0.0,1.0
4.067738235582061,0.7385204081632653,0.631578947368421,0.14285714285714285,0.9523809523809523
3.6599278376115945,1.0,0.0,0.0,1.0
3.5158765727854444,1.0,0.0,0.0,1.0
3.8491629818517548,0.8035714285714286,-0.05337605126836237,0.10714285714285714,0.9464285714285715
3.422847161302626,0.9304846938775512,-0.018181818181818177,0.03571428571428571,0.9821428571428571
4.55338948721889,0.22448979591836732,0.8838834764831845,0.42857142857142855,0.7857142857142856
3.1394583991099196,0.5510204081632654,0.6454972243679027,0.5714285714285714,0.9047619047619047
4.7775182662886335,0.288265306122449,0.3086414306376787,1.3214285714285714,0.8080357142857143
4.519247562960808,0.3156887755102041,0.672021505032247,0.21428571428571427,0.8928571428571429
4.162142047769036,0.8673469387755102,0.0,0.07142857142857142,0.9642857142857143
3.995614454101658,1.0,0.0,0.0,1.0
4.000699265965603,0.6894132653061223,0.10482848367219183,0.1607142857142857,0.9196428571428571
4.177057960931274,0.4993622448979592,0.56164423408133,0.1607142857142857,0.9196428571428572
3.8882587446754564,0.7251275510204082,0.9329364235414813,0.017857142857142856,0.9910714285714286
3.85251264947554,0.78125,0.9999999999999999,0.0,1.0
3.5672860722691153,0.78125,0.9999999999999999,0.0,1.0
4.319548827786958,0.6358418367346939,0.7941176470588236,0.07142857142857142,0.9642857142857143
3.978123587245974,0.78125,0.9999999999999999,0.0,1.0
4.5823585007312415,0.6020408163265307,0.697841726618705,0.10714285714285714,0.9464285714285715
4.003677837611594,0.78125,0.9999999999999999,0.0,1.0
4.690774219659049,0.7436224489795918,0.8561948540682672,0.03571428571428571,0.9821428571428571
4.8415786642591,0.5114795918367346,0.5946145672973704,0.17857142857142855,0.9107142857142856
4.340967726488667,0.7168367346938777,0.7869366756602253,0.05357142857142857,0.9732142857142857
5.022979296672176,0.3386479591836735,0.6028825839766746,0.25,0.875
4.282310009501607,0.6964285714285713,0.8755950357709131,0.03571428571428571,0.9821428571428571
4.540873781480403,0.7213010204081634,0.8637312927246216,0.03571428571428571,0.9821428571428572
4.987593945008262,0.4368622448979592,0.7252801489440801,0.125,0.9375
4.728373781480403,0.6122448979591837,0.7911975990228503,0.14285714285714285,0.9523809523809524
4.3955790892484226,0.7206632653061226,0.8541666666666666,0.03571428571428571,0.9821428571428571
4.678072516654254,0.5089285714285714,0.7547113992375494,0.1607142857142857,0.919642857142857
3.8889125568624325,0.78125,0.9999999999999999,0.0,1.0
4.746268266288633,0.39795918367346944,0.7135060680126757,0.1607142857142857,0.9196428571428572
4.081704688544266,0.78125,0.9999999999999999,0.0,1.0
4.021572322419823,0.6096938775510204,0.7587394997312115,0.08928571428571427,0.9553571428571429
4.128088222392739,0.4719387755102041,0.5934071532418272,0.19642857142857142,0.9017857142857143
4.040262843709971,0.5599489795918366,0.6941282063095998,0.125,0.9375
3.986437164990341,0.7206632653061226,0.8640776699029127,0.03571428571428571,0.9821428571428571
4.962400438178645,0.19642857142857142,0.9205008323497288,0.39285714285714285,0.8035714285714286
3.978166461662516,0.430484693877551,0.8474541603079955,0.5178571428571429,0.9077380952380952
